Name,Roles,Picture,First,Last,Mail
bryan_waldo,authenticated,bryan_waldo.jpg,Bryan,Waldo,waldo@example.com
marcus_wynn,authenticated,marcus_wynn.jpg,Marcus,Wynn,wynn@example.com
mike_moran,authenticated,mike_moran.jpg,Mike,Moran,moran@example.com
suzy_suchy,authenticated,suzy_suchy.jpg,Suzy,Suchy,suchy@example.com
joel_rammelborg,authenticated,joel_rammelborg.jpg,Joel,Rammelborg,ram@example.com
josh_perrino,authenticated,josh_perrino.jpg,Josh,Perrino,josh@example.com
austin_powers,authenticated,austin_powers.jpg,Austin,Powers,powers@example.com
manuel_duncan,authenticated,manuel_duncan.jpg,Manuel,Duncan,md@example.com
gertrude_fields,authenticated,gertrude_fields.jpg,Gertrude,Fields,fields@example.com
beatrice_watson,authenticated,beatrice_watson.jpg,Beatrice,Watson,bbw@example.com
rafael_bennett,authenticated,rafael_bennett.jpg,Rafael,Bennett,raf@example.com
dean_curtis,authenticated,dean_curtis.jpg,Dean,Curtis,deancurtis@example.com
